domain,company_name,title,meta_description,position,location,services,estimated_traffic,phone,rating
onehourairtexas.com,One Hour Air Conditioning & Heating,AC Repair Frisco TX | One Hour Air Conditioning & Heating,"Professional AC repair and HVAC services in Frisco, TX. Same-day service, 24/7 emergency repairs. Licensed and insured technicians.",1,Frisco,"AC Repair, Heating Repair, HVAC Installation",12500,(972) 945-2200,4.8
airrepairpros.com,Air Repair Pros,HVAC Repair Plano TX | Air Repair Pros,"Expert HVAC repair and installation in Plano, TX. Free estimates, financing available. Serving North Texas for over 15 years.",2,Plano,"HVAC Repair, AC Installation, Duct Cleaning",8900,(214) 888-4101,4.6
texasairexperts.com,Texas Air Experts,Air Conditioning Service McKinney TX | Texas Air Experts,"Reliable AC and heating services in McKinney, TX. Emergency repairs, maintenance plans, energy-efficient installations.",3,McKinney,"AC Service, Heating Service, Energy Upgrades",7200,(469) 777-2020,4.7
comfortzonehvac.com,Comfort Zone HVAC,HVAC Services Allen TX | Comfort Zone HVAC,"Complete HVAC solutions in Allen, TX. Residential and commercial services, preventive maintenance, indoor air quality.",4,Allen,"Residential HVAC, Commercial HVAC, Air Quality",6800,(972) 234-5678,4.5
northtexasac.com,North Texas Air Conditioning,AC Repair & Installation Prosper TX | North Texas AC,"Professional air conditioning repair and installation in Prosper, TX. Licensed technicians, competitive pricing, satisfaction guaranteed.",5,Prosper,"AC Repair, HVAC Installation, Maintenance",5400,(469) 555-9876,4.4
colonycomfort.com,Colony Comfort Systems,HVAC The Colony TX | Colony Comfort Systems,"Trusted HVAC contractor serving The Colony, TX. New installations, repairs, and maintenance for all heating and cooling systems.",6,The Colony,"HVAC Installation, System Repair, Maintenance",4200,(972) 625-4321,4.3
elitehvacservices.com,Elite HVAC Services,Heating & Air Little Elm TX | Elite HVAC Services,"Premium heating and air conditioning services in Little Elm, TX. Emergency repairs, system replacements, indoor comfort solutions.",7,Little Elm,"Heating Repair, AC Service, Thermostat Installation",3800,(214) 333-7890,4.6
addisonair.com,Addison Air Conditioning,Air Conditioning Addison TX | Addison Air Conditioning,"Local air conditioning experts in Addison, TX. Fast repairs, energy-efficient installations, commercial and residential service.",8,Addison,"AC Repair, Commercial HVAC, Energy Solutions",3200,(972) 789-1234,4.2
precisionhvactx.com,Precision HVAC Texas,HVAC Contractor North Texas | Precision HVAC,"Full-service HVAC contractor serving North Texas. Quality installations, reliable repairs, and comprehensive maintenance programs.",9,North Texas,"HVAC Installation, Duct Cleaning, Emergency Service",2900,(214) 456-7890,4.5
texascomfortpros.com,Texas Comfort Pros,Professional HVAC Services North Texas | Texas Comfort Pros,"Professional HVAC services throughout North Texas. Experienced technicians, upfront pricing, and guaranteed satisfaction on all work.",10,North Texas,"AC Repair, Heating Installation, Air Quality",2100,(469) 321-6547,4.4